{
	"Cubo-4" : [ 1.5, 0.5, -0.25 ],
	"Cubo-5" : [ 0, 0.5, 1.25 ],
	"Cubo-6" : [ -1.5, 0.5, -0.25 ],
	"Cubo-7" : [ 0, 0.5, -1.75 ],
	"Cubo-8" : [ 0, 1.5, -0.25 ],
	"Altoparlante-9" : [ -1.5, 0.5, -1.75 ],
	"Altoparlante-10" : [ 1.5, 0.5, -1.75 ],
	"Altoparlante-11" : [ -1.5, 0.5, 1.25 ],
	"Altoparlante-12" : [ 1.5, 0.5, 1.25 ],
	"Altoparlante-13" : [ 0.75, 1, 0.5 ],
	"Altoparlante-14" : [ 0.75, 1, -1 ],
	"Altoparlante-15" : [ -0.75, 1, -1 ],
	"Altoparlante-16" : [ -0.75, 1, 0.5 ],
	"Cubo-17" : [ -2, 0.5, -2 ],
	"HaloMesh-0" : [ 0.540555577155327, 0.5625, 0.312386602712567 ],
	"HaloMesh-1" : [ 1.386618041613626, 0.5625, 0.022685360472595 ],
	"HaloMesh-2" : [ 0.792362738455263, 0.5625, 1.496895701399301 ],
	"HaloMesh-3" : [ 0.001904472315031, 0.5625, 1.253518838384673 ]
}
